Days,Sales,Daily customers,Electronics items,Groceries Items,Competition
0,100.1279339,99.49996418,99.6931249,100.0511053,99.90358516
1,99.93348291,100.8389157,100.1390581,100.077814,101.2295591
2,98.23762501,101.2061439,100.6398751,100.0446844,101.8908471
3,99.07412822,101.531401,99.2073763,100.1768686,99.57155951
4,101.3448076,99.65291769,100.2703727,100.9971351,99.91166622
5,100.3336637,99.97789497,100.0255657,99.92966595,100.2173567
6,100.9520664,100.7685892,100.6315795,101.9329934,100.8599008
7,103.6794175,100.4894755,100.0214815,100.2386609,96.73740878
8,101.4987222,100.4372619,101.4225538,101.6483677,100.0943985
9,100.462431,100.745646,100.3118116,102.3628768,99.81696656
10,98.23072367,97.4466876,98.34807115,99.29555167,98.08690602
11,99.20535956,98.7031044,98.60620114,100.3754817,99.13812162
12,99.31728352,99.2436635,99.60907856,100.9176319,100.5436816
13,99.16241483,100.7443735,100.7593693,101.1856069,100.8700379
14,99.07417704,98.06046809,100.7006051,98.14418948,98.61628189
15,101.033481,100.3475165,99.31675316,100.0672826,100.43501
16,98.2983585,98.23469899,100.9583706,99.24861455,99.3490191
17,98.13230133,99.64169606,99.43152103,100.6122039,97.84482108
18,99.19960843,99.11595309,98.65086795,98.32056076,99.19591554
19,99.22504866,99.28788891,97.80753203,100.1479993,101.424108
20,101.9048877,100.0367796,99.52190384,100.0968716,99.01832382
21,99.32033209,100.4452105,101.2325797,101.1336536,99.55036759
22,97.55479479,98.78332692,98.13131502,98.40137017,100.8524178
23,99.71992841,100.6564169,101.5784703,100.2322538,101.3756026
24,100.9832838,100.0053839,99.50231012,100.2612684,99.56290195
25,101.171314,99.56349755,100.1165241,100.4683618,97.41860941
26,100.0813922,99.13842307,100.1382289,99.20632816,97.55333245
27,103.2108725,103.0267918,101.9171228,101.9325609,98.67744938
28,99.23950814,100.9820407,99.34529432,100.2572841,99.81876631
29,97.44680401,100.4313186,100.3128187,100.0718456,100.3157336
30,100.8977317,99.92819419,101.2305249,100.3843855,99.78287966
31,99.55360559,99.43575525,99.4886652,99.74116086,97.77623172
32,99.30548321,99.48961259,100.1306654,100.9970131,101.3110167
33,100.5787285,99.4742978,100.0749827,100.6873714,99.72349442
34,98.2691515,99.45360195,99.14013417,98.7122034,99.51841855
35,100.4050155,100.6824692,100.7982045,101.8799746,99.33022104
36,100.3454617,100.9384635,101.9655281,101.4482723,100.1912159
37,101.1958626,101.3912672,101.7286036,100.4742337,101.9186314
38,99.60652048,98.45981096,99.81356565,98.54037246,97.70088022
39,101.8779224,100.4785344,100.4679755,102.52727,100.8930174
40,100.3200613,99.74082323,99.02521084,99.73664443,99.444047
41,100.4564245,100.1412695,100.7032878,100.8082755,98.07481062
42,102.5945117,100.4570893,101.6093366,100.3968457,98.06304637
43,100.6776304,101.0863113,98.79339032,99.36667417,97.85378904
44,98.28203463,101.6013806,102.1599585,102.5103717,102.493805
45,100.3676537,99.82952463,99.41355748,99.93228364,100.1683169
46,99.24191062,99.89433176,100.9368767,99.89647711,100.9493589
47,102.1478899,98.22221481,99.22962327,98.29356185,97.15120595
48,99.26386251,100.6590703,99.34570636,98.6187538,100.5525974
49,98.69472635,98.63952853,100.6061037,97.84210575,98.44053433
50,100.154647,99.85439747,101.4642315,101.2797871,101.3766626
51,99.70009995,99.22267184,99.83763012,98.07628719,100.3461547
52,101.5771353,99.50419388,99.45466976,98.35583386,98.71103259
53,100.0133818,100.5015372,99.9603591,99.94502052,100.1938416
54,100.6396416,98.62893864,100.9265879,100.1796696,99.2497116
55,100.0294869,98.34815626,99.12370148,99.04757595,98.77941862
56,97.73782674,98.40400006,98.68189471,99.56678508,100.1865947
57,98.73161469,99.07652295,101.3463475,99.91474062,99.1274769
58,100.5345315,100.2890459,100.2166947,99.95483865,100.521366
59,98.57434787,100.262999,103.1971367,101.7074068,104.2006206
60,100.0027594,100.8640881,98.97690824,97.06125835,99.86776513
61,97.62850846,98.78799628,98.80260407,98.88012602,99.20294039
62,101.238997,99.41155154,100.5056588,101.6047004,99.75808685
63,101.0836681,99.87159648,98.51588285,99.68315075,98.76001723
64,100.5232788,101.0796467,101.291342,101.1309148,100.7282795
65,99.21856572,99.20866907,99.79520812,100.2381417,99.89131854
66,99.39245227,100.1767631,100.4984054,98.86356498,100.0063998
67,99.97407717,100.117415,99.68515301,100.2045041,98.46812751
68,101.5389471,101.3206846,98.12155152,101.433487,101.001642
69,100.1766067,100.5215574,99.72978509,99.17206075,100.8158527
70,101.0900369,98.83094315,100.7342275,100.031501,98.37604562
71,99.93380824,99.19445665,99.55944025,98.95272501,99.6576135
72,101.3039615,99.31788871,102.162001,100.79566,98.79442897
73,103.1730783,100.330347,98.67960001,100.0644895,97.60548575
74,98.45094976,101.0127751,101.2692783,100.6809147,99.98184139
75,99.32413618,99.9154665,99.68439538,100.1083565,101.3822102
76,98.82877891,101.021676,99.05702975,99.33151917,100.7490654
77,100.8741149,99.88820841,99.49035715,99.11334522,100.1465454
78,99.79968654,98.18030324,98.55278769,99.47709841,100.207819
79,99.10365145,101.6400382,100.504693,101.5574574,101.2418083
80,99.26297754,99.27376398,98.39293035,100.1720206,100.065095
81,100.2353583,99.84189039,100.5435249,100.1375573,98.75194415
82,100.000673,100.0357303,100.6663582,100.5495204,99.92744156
83,99.98033303,101.8350635,101.2914395,101.3528004,101.677429
84,99.68782378,98.31191969,98.40380159,98.21702669,98.34613352
85,101.5876249,100.5160652,100.6617246,100.8291896,98.42730904
86,102.2439832,99.77087003,101.378373,99.80403255,97.68893582
87,98.72378352,100.3102195,97.40199869,99.44168006,100.1915241
88,98.85150012,99.8489911,100.4009857,99.74994384,101.4642754
89,100.5148342,99.42014262,99.09735818,98.71669909,98.52923025
90,102.0846874,99.87488686,99.94459002,99.78589544,100.837949
91,99.44910165,99.50368649,99.52203517,99.19086016,101.0700996
92,100.8289498,101.1250851,102.0793237,101.5113032,100.9179827
93,99.68600358,98.78948915,98.9184455,98.56454467,100.2105841
94,100.8757599,100.05792,101.0411367,101.2781812,101.4805441
95,100.3440395,101.7877996,101.7749888,102.3342784,100.8441438
96,101.1575238,98.93478201,99.59060671,100.0044038,98.74124584
97,99.79019265,99.99008978,99.6873124,100.3914051,99.30137236
98,101.1703341,99.97791377,101.7385277,102.485007,99.4661527
99,97.59811051,97.96514974,97.9737931,99.15442827,98.4473578
100,100.2236355,98.2165648,96.44647125,97.59940017,99.34593063
101,101.2134716,101.2947957,101.0982989,100.7714559,98.87293552
102,99.29697222,100.2300871,99.63352096,99.13606435,101.7506515
103,99.24362217,100.0889159,100.2692358,99.52664913,100.274579
104,98.38986102,99.19208723,98.57149838,99.07866989,100.0949125
105,100.0268658,100.3550756,99.74498025,100.5519833,99.61880715
106,100.4465793,99.23432522,100.332315,98.91471691,102.0553079
107,99.67919984,100.3442581,98.38769037,99.22893691,98.67619105
108,100.6509962,100.9506968,100.7864314,100.5076555,100.9454665
109,103.0663229,100.2727404,99.95651431,101.0702273,100.1908879
110,102.8062248,100.0534947,101.5343216,101.3722969,98.26197342
111,98.71288327,100.6809103,99.0883266,99.82391138,100.0155375
112,99.10183333,102.5863759,99.77176637,99.71133867,99.9130561
113,102.5347151,99.32289073,100.4710425,99.54018279,97.74985544
114,99.65641179,98.92066229,98.19299833,98.98701457,98.60756375
115,98.90452893,100.5914195,99.49734456,99.61195013,98.37261515
116,100.2991967,99.40208502,100.0485517,98.29838991,99.93373348
117,98.52954345,99.77326929,99.56674938,98.63245363,98.86170476
118,98.74257627,100.6322428,99.79930528,99.76735615,101.3537085
119,99.44651272,100.9976381,100.2557443,100.090558,100.0374999
120,99.05875801,98.54219583,98.08575673,101.7522041,102.2985142
121,100.6492834,100.9536449,98.50855638,100.4167026,99.98888934
122,99.57010822,99.26234957,100.2778321,100.0149644,100.4280897
123,101.0138699,100.8968461,100.2193824,99.16506852,99.42509882
124,101.0268208,101.4893048,100.2559018,99.96072813,100.4126287
125,98.65885371,100.8023809,102.0080365,101.3176168,102.117069
126,97.74925737,99.49501145,101.0667801,100.4360143,103.5028583
127,97.28861408,99.41769132,100.6489487,99.93417748,101.0955388
128,97.95698404,98.93786269,98.55042728,98.74394965,99.02622398
129,103.3519801,100.6933718,100.2011894,99.80683808,100.7023324
130,99.95087472,99.52405976,98.80261526,99.90858317,100.2386121
131,97.91605037,99.08356222,99.90169289,99.27093036,100.7479013
132,99.77600936,98.47552479,98.47491767,98.2488366,98.55875595
133,103.5632765,101.1192146,101.8022518,102.0001244,99.13836142
134,101.7798157,101.7295954,101.8016143,100.5370488,100.4043993
135,100.3201521,100.5118609,101.2437818,101.4940027,102.3994455
136,97.84057312,101.2493177,101.1697205,101.6806835,101.172288
137,99.34023321,99.57897794,101.3332344,100.4091451,100.946536
138,101.8277961,100.7324745,101.7769149,101.2211627,101.2729135
139,100.4616224,101.859596,99.93776754,101.1346267,100.0875094
140,102.3328735,100.0795218,98.81726188,100.1319349,98.92406135
141,96.34659189,98.91156073,99.14127746,99.56298897,100.1739646
142,101.087746,101.6749971,101.3403035,100.7609829,102.0027424
143,98.18071005,101.0913805,101.2581997,100.5501131,101.6894311
144,98.66456091,100.1448566,99.80813798,99.43590877,99.88044032
145,98.93456452,99.35523063,99.2859102,99.33076593,99.67623408
146,100.9013455,99.72696679,101.7011839,102.3863791,99.73521994
147,97.75058588,100.1511189,99.39629121,98.65565447,98.93203024
148,101.0540054,99.54695242,99.1663678,99.29054185,99.51713607
149,100.9151004,100.2766396,100.2737157,100.4921681,99.41572813
150,98.67986812,97.22438943,97.18705813,98.56149421,97.89511525
151,99.60495117,98.5644292,98.83556127,99.21590198,98.80893699
152,97.82593012,100.9506276,101.5236813,99.88101275,100.8108342
153,100.6128786,99.83061743,97.69959764,98.40997426,99.19955067
154,99.77614043,99.86750466,100.8638801,99.68524826,99.88590679
155,99.30754928,99.83595685,99.68431018,100.5729763,99.1351616
156,99.81725885,98.60369946,100.4631134,99.69912744,98.42765267
157,98.09473694,100.2712133,99.24326081,98.56256034,99.73035684
158,100.8970176,99.62715731,99.66852335,99.71716843,98.2069856
159,99.12201568,99.36166108,98.17030703,99.21632039,100.5885042
160,101.2938717,101.7360956,99.93027528,100.9610183,98.58057542
161,100.0505768,101.7954457,100.2824047,101.2901673,100.950096
162,100.0693872,102.2696118,101.6570265,101.7129593,100.6880649
163,99.07408521,99.95461226,99.83829337,100.0682572,101.1487852
164,101.0655669,99.2929606,100.6850688,101.3942506,100.0239699
165,100.1408722,99.47536037,98.38131933,99.77153956,100.3533386
166,101.0681582,98.07484383,99.91299249,98.28718785,97.75624632
167,98.20962749,100.7076993,100.4887824,100.3815031,101.7497729
168,100.756251,100.3596036,99.07819124,99.49697272,99.78104058
169,100.0159179,98.89825893,98.75369917,99.41411487,98.86194765
170,100.3213895,100.0216859,99.33064163,100.0446478,99.55491737
171,101.5363867,100.1235644,99.66622136,100.4817564,100.4246149
172,98.97664417,99.63728005,98.0599288,100.1340475,99.33268605
173,100.5528172,98.73209614,100.0186508,99.77950102,99.79096385
174,100.8359327,100.5252442,100.0947058,101.0604874,99.88815965
175,100.2487274,99.36699065,100.5908148,100.351029,100.2438488
176,100.5809093,99.93000647,100.6892779,99.39501651,99.62889995
177,99.2468846,99.87631338,99.20598336,100.0768434,100.4452027
178,100.5739958,101.6740586,102.0856532,99.87662633,101.7856789
179,100.656558,98.93225151,100.1307957,100.4982876,99.27274301
180,99.77897423,100.6645589,99.83345115,101.0116719,99.17507972
181,99.90686394,101.1500647,98.27786227,99.58331952,102.4134241
182,99.77819848,99.9650158,99.54427154,100.3980685,97.75935034
183,98.99342278,99.77659917,100.1346641,100.8496575,100.262462
184,99.91890491,100.8134309,100.5032347,99.17506859,99.85406244
185,98.97681299,99.78452687,99.60899374,99.75736428,99.79590316
186,100.1836059,99.91021137,100.3136451,101.0153763,100.6566468
187,101.5870083,101.0784608,101.4746249,101.5375652,99.6280374
188,99.47591901,98.22393339,98.22463124,98.50440483,97.64862461
189,100.2640675,100.6091644,101.8792309,101.6391941,99.89560807
190,99.0906942,101.0055314,100.3109508,100.0643971,101.6281711
191,100.6285462,100.9489925,101.0447681,100.8326096,101.7114408
192,101.2637899,98.9777802,100.7490966,99.71622114,99.56135743
193,98.99012368,98.85210602,98.68166746,99.47770673,101.7052096
194,100.4004767,100.9975104,101.5505543,102.5246713,100.3565889
195,98.06809605,99.23348503,101.5142417,100.5012079,102.0123211
196,96.46558091,101.7418966,99.64360324,101.0118041,103.6185435
197,102.2390607,100.2461608,100.3723603,100.3780753,99.54973534
198,100.1634492,101.4604785,99.33917401,99.51619934,100.1497958
199,101.2501362,102.0178135,99.88361319,101.6997385,102.2201948
200,100.8235573,101.9398979,100.5397876,100.4785112,100.8886594
201,100.7112726,99.61969829,101.3291786,99.80644677,102.0696581
202,98.76397024,100.3501162,100.4962093,100.9614351,99.97967918
203,99.87564228,100.0396934,98.98382513,98.7588294,99.45289638
204,99.80165912,101.2768517,100.7003912,99.59474188,100.4156462
205,97.67460639,100.691697,100.4552657,100.0532222,101.1831634
206,99.95692152,100.0620252,100.5730139,101.176798,100.5322158
207,99.30842193,102.3420406,100.7781655,101.1292782,101.5082526
208,98.85305078,99.70392674,100.695657,98.54808521,100.4958607
209,100.4832269,99.72198929,98.50700191,98.15994436,101.8309349
210,95.62909239,100.4753451,100.0678276,100.922171,103.3000923
211,98.23524786,99.07835978,99.70451412,100.0202313,101.4368521
212,98.65131169,100.1642898,100.579699,101.1771055,100.0453377
213,100.3792982,100.3963108,101.0365509,100.0543435,98.81757977
214,99.46405731,100.0214211,101.7224724,100.3013411,100.1917183
215,99.68240143,99.48038157,100.2872143,99.47957739,100.6517586
216,98.33535086,99.49092158,98.94105881,99.11856094,98.7491094
217,99.94007394,98.28493348,99.10652595,97.75436978,97.89241543
218,102.5136069,100.5234024,101.4510277,101.2277713,100.4899231
219,101.2270948,100.1771773,101.2211793,100.0422278,100.0664223
220,101.5362371,102.0893307,101.9509094,101.9953909,99.70524099
221,100.8681418,99.51456642,100.2271852,100.0745618,99.25160036
222,102.281926,100.2020184,100.1859604,100.8046313,99.82965537
223,99.0833851,99.97419765,99.85670907,99.47020995,100.2589937
224,99.8686711,100.3060681,101.0456354,100.2430246,102.2008195
225,100.50948,98.74444845,98.49746414,100.2914246,99.95220593
226,100.454898,100.2524137,99.93753797,101.0358048,100.6527611
227,98.58299812,99.2433783,98.09629205,98.7714557,101.5131528
228,99.22368047,101.1949104,100.7588639,99.90492989,102.1666216
229,100.4694883,101.7334484,103.2153765,102.3154832,101.5642648
230,99.82176131,98.03457491,97.95020547,99.05555583,99.72254924
231,101.012286,100.6593315,100.3436847,100.9452271,101.2412598
232,99.50925705,99.48215275,99.88949755,99.50357844,99.32349414
233,100.4906332,98.99037223,100.5488449,100.1827332,99.27595999
234,100.8215422,100.926361,100.7178474,101.7263289,98.99516062
235,99.09711276,100.1913091,100.8217554,100.6989117,101.7078717
236,101.5124805,100.3256064,100.6213575,100.3882956,100.2797884
237,99.79345194,100.1598571,100.3353472,101.4434296,100.2510462
238,101.4417747,99.77787307,100.2450772,99.33019986,98.49636866
239,100.8392588,101.1885079,100.7591455,100.6324161,101.3028903
240,100.3242828,100.5623773,99.07569939,99.26796591,101.441293
241,99.96508081,99.55181606,100.0733968,98.96982758,100.2422584
242,100.6040976,100.1660626,100.0308823,101.015545,100.0931151
243,99.69705469,98.65493277,102.2029131,98.6840942,99.57772777
244,100.91853,100.1865269,99.12665309,100.7715835,99.57363009
245,100.7127629,101.078873,101.6868974,100.1780615,100.914303
246,100.025947,100.293903,101.4329736,99.93267295,101.0580714
247,101.0599061,101.081536,100.0867001,100.7885083,100.0497358
248,100.1073514,101.2876283,102.0489367,100.0725732,100.6704198
249,102.1840652,100.7344108,99.49529568,100.0871769,98.36006495
250,100.022242,99.24722411,98.94874808,100.0867058,99.77830617
251,101.5155352,98.88876007,99.14902597,100.4082995,98.72607676
252,102.2222257,100.4061527,99.35583243,100.7635035,98.69295072
253,99.21731098,102.0273434,101.2290157,101.3693721,101.0975514
254,97.50731993,99.75910995,100.3906645,99.44003819,100.6976059
255,101.6111254,100.1227993,100.1231284,99.80658838,97.42342092
256,102.9332373,99.38886341,100.5607232,101.1145473,99.88389558
257,99.70086582,98.35689237,97.39304701,98.39378133,99.33167439
258,100.131776,100.6269139,99.55514348,101.2926633,101.0155791
259,100.0550939,100.0179963,100.530223,101.276519,99.52052501
260,101.5705726,100.7081845,99.49751457,100.4748499,98.232768
261,98.67389682,101.2317622,100.278883,99.66669965,101.4663568
262,100.5218096,101.0107402,103.4043254,100.415953,99.90035363
263,100.0918535,98.97395517,102.2810081,99.98816553,101.9347942
264,101.2403108,101.707133,100.8582635,102.2388436,100.9060856
265,98.96619185,99.14758031,100.2982154,99.61153089,101.4622787
266,101.8329972,99.16597682,98.39363926,100.7414444,99.46368998
267,99.35335982,98.83757448,97.83579605,98.29053401,99.27851379
268,100.0045327,99.33998134,99.69038088,99.6542635,99.86138309
269,99.27186049,99.40956233,99.42927854,99.35729296,99.17752325
270,98.41963133,99.95034502,98.82247092,99.81271478,99.54494537
271,101.2837073,101.3339905,100.4186042,100.1133726,100.478442
272,98.49624746,99.50036162,100.0937489,98.52982859,98.7195313
273,98.34891044,97.68505892,98.57102816,98.74786096,97.52473076
274,99.89584212,99.67923951,100.5311061,99.98040512,100.4311497
275,100.4760202,101.7632219,102.0237697,102.1101673,99.47351524
276,100.1108282,101.2035899,99.59656389,100.4956759,99.20902888
277,99.17117357,100.056696,100.2667739,100.2491478,102.1866437
278,98.96549368,98.63713251,99.75373868,98.78085869,102.0466906
279,100.4244091,99.81544925,98.82370311,98.92625634,99.13362953
280,99.49037448,101.0796076,100.9568885,101.4920254,100.191728
281,99.01494315,99.86949372,100.4039852,100.3321223,101.2432968
282,101.2778331,100.1643543,100.1547442,100.2565502,99.82137641
283,100.0586469,99.29250047,99.40138825,99.51287152,99.46303571
284,101.0104389,99.25902531,99.2402229,99.31844613,98.67622124
285,101.8220043,99.41844852,99.37317119,98.90282111,98.4822768
286,99.77015717,99.08757748,100.5440936,99.5576722,100.5741769
287,97.76474909,100.7381863,99.56372295,100.4372796,100.1128869
288,98.0074119,99.50395918,100.9951111,99.82744614,99.78226263
289,99.06767193,101.699211,100.528897,100.5725614,102.4039588
290,100.5439085,99.4984006,100.2897073,99.92800489,99.46309181
291,98.76299053,100.8801678,99.33739244,99.17877693,101.4855837
292,99.90770753,97.89692009,99.65433767,100.6930616,99.38775366
293,101.0233189,100.0722457,98.19003602,98.87363264,99.6911881
294,99.07900242,100.2413422,99.09244259,99.28258053,100.2853076
295,99.35528648,99.34017552,99.65212727,98.68576416,99.99853377
296,100.3784489,99.06643077,100.8961464,99.43202327,97.90069961
297,103.6008536,100.3052217,100.232317,101.1403288,99.46475355
298,99.33433725,99.35085585,99.72771731,100.2165524,99.9510119
299,101.0526526,101.002765,100.9350016,100.5049227,100.1370183
300,98.98790312,101.0248816,100.813481,101.0067543,101.6515749
301,100.3378504,100.8920033,101.2548063,101.0160487,99.27054063
302,102.8059758,101.2571626,102.1787021,100.6020539,100.0229145
303,100.6882742,99.30109706,99.17726061,98.49534628,99.55180748
304,99.99444925,99.57296169,99.61521426,99.4792926,101.8621229
305,100.0376366,101.6364122,100.7351443,101.0818644,100.2829412
306,101.1140942,100.7571859,99.84043825,99.83798801,100.2242451
307,99.53420001,99.93602078,100.2297923,101.067451,100.0247496
308,100.284441,101.5678758,100.6291723,101.7867441,100.8011748
309,98.82604828,98.9073067,101.3977556,99.80360033,99.05709796
310,99.77601394,99.24288483,100.5003741,100.1349879,99.97548386
311,99.35935293,99.66177668,99.31949925,100.3663455,97.79354202
312,99.09190322,99.27558519,99.69221827,99.72346001,100.5764125
313,100.7900399,101.237576,101.2341445,101.1522386,99.23333502
314,101.2535411,98.01962125,99.27743766,99.33898961,98.36659289
315,101.7309642,100.2225097,99.31635398,98.89545697,98.6996543
316,100.2771281,98.41749226,97.97376432,99.55084513,99.27185914
317,102.1770333,99.73521873,99.69055145,100.545264,100.4233437
318,99.92660612,100.5906712,101.6418405,100.8173825,100.4172434
319,99.80739592,99.20718512,100.1174916,98.83536254,98.53605072
320,97.47864083,100.2372479,99.84083337,98.00957719,102.5585195
321,99.8708599,98.36835106,97.87025329,98.30176054,99.82074429
322,99.91688128,100.4357168,99.35349941,101.8290855,99.05058942
323,99.86356929,100.4169213,99.91722828,100.5772714,100.8904539
324,101.9930974,100.6923759,101.3464135,101.2942599,100.3301896
325,100.1300398,101.0750085,98.96933778,99.76832838,100.2742661
326,100.2323596,99.60148005,101.1242032,100.0311068,100.0872612
327,99.83700247,99.61570079,98.16418325,99.84427006,100.4579797
328,101.3114125,100.4863197,97.95434048,99.05746474,99.7150072
329,100.1790067,100.3525655,100.3678624,99.26972622,100.4749589
330,102.2379582,100.7882846,100.1599154,100.4337072,100.3735695
331,99.37499541,98.86770464,96.90150146,97.28605108,99.74444421
332,101.8168201,98.79987888,100.8104703,100.5520433,99.11510247
333,100.5016934,97.98922164,99.54892557,99.41957729,99.84006784
334,100.4796867,100.2713518,101.3141641,100.8337546,100.0616767
335,100.3933617,98.71788632,100.5573864,100.0055477,97.71665992
336,102.2056323,97.13932508,99.98079532,99.16566227,100.2462265
337,98.71100278,100.2948497,100.8379791,98.14825748,99.32967647
338,101.3801207,99.04024321,101.26811,100.3608938,99.53111822
339,100.9694199,99.83179717,99.17683238,99.27478119,97.43680773
340,100.4630654,99.53114712,99.49531293,100.7196463,99.40749653
341,101.4405152,100.899401,101.3187201,100.5427947,98.33997071
342,100.7078939,99.81738171,100.9183539,100.5164824,100.4198092
343,100.5669472,98.61376459,98.78918429,99.35775111,99.5462393
344,100.6673452,101.3389864,100.2356424,100.6700242,99.6143888
345,101.737557,99.65900893,101.6175286,100.1428178,98.51925441
346,101.2013087,101.2296892,101.1142538,99.01809911,101.3840601
347,99.08365684,97.94458935,97.00158095,97.77022366,98.88118111
348,98.87584244,99.31048163,101.2423555,100.3436814,100.2923229
349,100.6198439,98.98221168,98.64065873,98.79501642,98.68916382
350,100.0522999,100.3253465,99.49789311,100.1542057,99.2026145
351,101.1493873,99.732562,100.1725676,100.2811042,97.68008379
352,101.6639165,102.0744865,101.8863291,101.6521561,101.0842075
353,99.95461841,99.48416784,100.6022336,100.3601605,101.2538012
354,99.49193779,98.28985215,98.40691552,99.96759881,100.8045024
355,99.98628788,98.86267691,99.43807207,99.70634754,99.63355977
356,100.6071868,99.92723554,99.07213474,98.83404305,100.4506166
357,99.61472406,99.91193653,99.60526776,99.06724746,99.08879101
358,100.7041926,99.16816942,100.7533741,101.0798356,99.64848233
359,100.1539513,100.6096098,101.1172443,102.2135344,99.5765057
360,99.25838447,101.1276423,99.07521109,100.5816337,101.0327277
361,98.89738109,100.0983454,99.73213445,101.572148,99.75472682
362,101.5562154,100.3513203,100.8992756,100.709529,98.4944227
363,100.4346096,99.62543274,100.4124119,99.89787496,102.842506
364,99.71973433,100.4476231,100.3725009,99.81589173,100.4310458
365,99.61907489,99.91430916,98.84983005,99.0601396,99.85702197
366,99.56474798,100.3174308,99.10198089,100.944808,99.42087129
367,100.1226388,101.5341327,102.937606,101.3966272,101.0662045
368,100.6358336,98.92559873,98.1984355,97.98608841,98.34859887
369,97.75154223,101.0851061,101.43341,100.6972827,101.9582577
370,100.8315142,100.8910528,102.082021,100.5093261,100.8683802
371,98.88428937,99.56298674,100.5598632,99.45808081,99.85844485
372,99.04454987,100.2510827,100.0186386,98.75367644,98.3305998
373,101.0487097,98.72812771,99.08149746,99.8309448,100.1021695
374,100.9689398,99.46758653,98.17646528,99.88103665,97.01032528
375,100.2231516,100.5232594,101.13806,100.3638157,98.72591414
376,99.88890943,100.7271446,99.58335365,99.97334394,100.1744926
377,99.74919695,100.9692151,101.0631492,99.93089791,101.2493608
378,96.82741042,97.8499985,97.68942251,99.07306313,98.00982459
379,98.50647269,100.4954307,98.51656957,98.4504245,97.7547563
380,99.43530592,97.73130018,97.79672583,99.70630739,99.45802241
381,103.4698412,100.5963512,101.5716583,101.9007938,99.76303271
382,101.4091357,100.9266696,100.5852294,101.1241446,100.4588369
383,101.248353,100.1232519,100.4942801,100.0219289,99.96873144
384,100.6018836,99.94069131,100.7084878,100.2739165,99.15782965
385,99.46497364,99.84581102,98.21200038,99.09050782,98.16722097
386,99.15159407,100.5052248,99.84775001,99.12821322,102.9079498
387,102.4810064,100.8787155,101.1280451,100.6242363,98.88830796
388,96.409658,98.83116759,98.60422377,98.47200191,99.92184616
389,102.0354763,99.50456353,99.31024092,99.80814227,99.69737546
390,100.3416057,99.01872647,99.04135079,98.25477719,98.17306304
391,99.935831,100.2293796,100.6858089,100.3903863,100.0997232
392,101.2750251,100.052001,101.772601,101.1065464,100.7112922
393,101.0330308,99.48254662,100.4717203,99.95063455,100.5554324
394,98.56105465,99.72592478,101.0199833,99.70072285,101.2157095
395,99.88205393,100.083762,99.98649759,100.2292703,99.18234853
396,100.8970525,99.35934358,99.92876105,98.47059952,100.1550438
397,100.3540082,99.98727756,100.903336,100.4321909,98.86990902
398,102.8096474,99.51096125,99.90549077,100.784061,98.03180027
399,100.4256404,100.6316754,100.8016425,99.58364975,101.3055036
400,98.70008489,98.71699335,98.43809336,99.39945538,99.26671051
401,98.35840382,98.18882844,97.50196335,100.1870935,100.1060696
402,100.5715353,100.8735408,100.7264869,99.20141294,99.35406853
403,98.88166522,100.2131968,100.3842835,99.57134451,100.1151595
404,99.05697412,101.2846778,100.0552629,99.99797651,100.8552188
405,99.93373178,101.4072992,101.6338493,101.3573048,99.73192096
406,102.0127991,100.6670797,101.2103761,100.3936708,100.8366957
407,100.9054505,99.83140616,98.79064095,97.95826845,98.74788735
408,99.68430654,99.29773662,100.3216983,99.75036588,100.5213125
409,102.3806951,100.3427501,100.2125749,101.6032601,99.11682898
410,99.05907545,99.84507764,99.7332436,100.411426,100.7563297
411,100.8098717,100.9092593,101.7208511,101.1140083,100.0502143
412,97.0340885,99.56193647,98.11821046,100.7184755,102.6050639
413,99.83974886,98.82788257,98.89297102,99.0404696,98.60969421
414,99.67041196,100.3783864,100.8448548,100.568419,100.0156669
415,102.7955718,101.4093035,100.5797313,100.6741847,99.02204457
416,99.4072162,101.6845795,99.26228434,102.165562,98.70451057
417,101.7984191,102.3275194,101.5795094,102.2925465,100.7726718
418,101.2418043,99.09066331,99.93957107,98.6017632,96.27928168
419,100.6060192,99.89648934,98.43827363,98.41118106,98.5548761
420,98.16046809,99.38326036,98.36111312,98.82560517,99.25240611
421,100.5639743,100.9550235,100.310126,100.6293392,100.5048236
422,98.6910479,100.0636771,99.11496866,98.34241385,99.03815395
423,100.2465637,99.95197549,98.27093673,98.60983373,100.8364897
424,100.119375,99.12313412,98.35237722,98.11074028,98.00547304
425,99.92360187,102.097518,100.5252516,99.75076732,98.6743975
426,99.59487899,99.05526461,98.86591352,99.34409342,99.11539817
427,99.657365,99.97276092,98.90582974,99.24460517,102.0062347
428,101.7555445,101.4243537,102.7625029,100.7366019,100.5331173
429,101.7393494,100.6233811,99.13026876,100.4302032,99.28092635
430,101.2177421,98.59353781,99.9668309,99.72845459,98.11331192
431,97.34670532,100.9608476,99.00761438,99.32122746,100.4892623
432,99.17104996,99.24401546,100.2717168,100.7480914,100.612691
433,98.66032729,98.57966075,100.1333037,99.06442914,100.036256
434,99.76867252,100.5965883,99.75734647,100.2500756,101.8611847
435,99.38897508,99.85425966,100.155531,99.30612197,98.55613379
436,98.82702155,99.93782712,100.2013174,99.43687473,100.7534266
437,98.36701612,98.65391606,97.90987673,98.96243939,99.07239408
438,100.0212905,99.46753658,99.27636552,98.40480367,100.0960505
439,98.39864826,99.79104612,99.83016314,99.2938613,100.8968373
440,99.28983592,99.69631217,97.97104178,100.8427344,98.83383518
441,102.0102194,99.52289165,98.80274645,99.78876798,99.66013496
442,100.3198926,100.5665795,100.7792628,101.0975577,100.8528427
443,98.75435808,99.6302122,99.17056726,99.73870798,96.43006319
444,99.86983762,100.6178586,100.6711738,99.82133222,101.097331
445,99.40879686,101.1387666,101.3808471,100.7555288,100.5943539
446,100.4911152,98.78547927,98.07828192,100.9192105,99.20640355
447,100.3269832,98.94990839,100.3451893,99.33572429,99.91249312
448,99.98424243,99.73624867,99.64423227,99.06963384,101.1276491
449,99.06486468,99.10716356,97.41730292,98.99034166,101.3372322
450,100.0794706,99.9758696,101.3319265,100.0580063,101.386668
451,100.0496012,100.0608221,100.0317073,100.3625418,100.8908502
452,100.979484,99.23106364,98.46833156,99.63922714,98.82908392
453,101.5243281,100.7467356,101.2149772,101.5728194,101.0998683
454,97.51079789,99.18894936,98.47296237,97.69318467,99.12104666
455,98.85330192,99.77670099,100.1925208,99.59435036,101.8700575
456,100.7265524,100.0172089,98.75965806,100.2235547,98.98548739
457,99.62511944,99.02826233,98.40299017,98.86305014,99.54526147
458,100.502306,98.52085008,100.5046892,100.7371359,102.9648688
459,100.6418756,101.0472557,99.62112157,100.750175,100.8253678
460,101.122292,99.11024366,99.1158659,99.1374278,99.30458157
461,98.80427103,98.59624268,98.79244788,97.9421052,100.002431
462,102.5897291,99.65315084,100.9868131,99.64908767,98.41243383
463,100.0588325,98.07027628,100.4057147,101.0174071,101.2164048
464,98.4215057,99.17827893,99.59014862,100.1379374,98.97949488
465,97.9402291,99.77703526,99.825974,100.2199912,101.2459307
466,101.3636893,100.6915448,99.98783868,99.82958433,99.32162936
467,97.25483415,100.7455082,101.2549549,100.8062222,103.0542983
468,99.61209143,100.5783275,99.03240201,99.70826468,99.23809692
469,99.71179534,100.2013312,99.91406274,100.3931788,100.6851502
470,100.484038,102.4062539,101.0371134,99.533063,101.2083037
471,99.16565536,100.3489715,99.93404213,100.0392087,100.9888036
472,101.4509717,99.56971917,100.0036442,99.85924548,97.17499775
473,101.2708636,99.53194183,100.7037381,100.6908941,101.2245968
474,101.0826114,101.5358447,101.515681,101.1240784,99.85322673
475,99.7848715,97.89016776,100.3900175,98.87766447,101.0261191
476,98.34546817,99.54443573,99.49343933,99.94834198,100.4262981
477,103.9381111,99.29658595,99.71339731,99.50469525,95.69623113
478,100.1923172,99.01239944,101.3343375,99.81974886,100.4464738
479,98.17226545,100.4920725,99.80671411,100.0212574,101.2958523
480,100.5300678,100.9614722,100.5169828,99.26714731,100.0084865
481,98.40849192,100.3688114,98.63315047,99.63436026,102.125172
482,99.61481532,100.3595412,97.62479443,99.96208582,101.6244371
483,100.161183,99.49750669,100.029028,99.25217033,99.44321383
484,99.79707954,100.2083125,100.0158639,98.13916802,99.6583061
485,95.93748669,99.17598768,99.34060103,98.17247407,101.9521448
486,100.9838329,99.46416316,98.85344952,100.1440894,100.9505204
487,102.6983021,100.0582355,100.0095882,100.7635526,100.3101242
488,100.8162924,100.050697,99.94547272,99.76263036,101.1245474
489,99.12064669,102.0363927,102.3635881,102.1042392,101.1921663
490,100.4663209,100.0303134,97.98787274,97.55026827,96.5079143
491,100.5905612,98.92487383,99.5611943,98.59954054,98.58599642
492,99.66487455,96.78687528,97.53223139,98.59075503,98.34457884
493,98.55234336,100.130499,99.61714314,98.00659811,99.52024524
494,98.27991212,98.58003937,99.81487558,99.33263484,99.40142594
495,99.89985534,99.43689442,98.88051825,99.00267845,97.50518328
496,99.05098458,100.4967518,100.5402408,99.74829039,100.0695712
497,100.7556773,101.4351602,100.7674025,101.314456,98.52543475
498,97.62546557,99.61190632,97.94072274,99.80054784,102.0942089
499,101.1879554,99.93911304,98.81696006,97.76323862,98.11050622
500,99.26360078,101.1605406,99.88787122,102.2650647,100.3979804
501,100.0949797,100.9893505,100.7389521,98.70321889,99.87540264
502,101.1570555,99.6183345,101.6858414,99.91695375,101.5923483
503,100.6727619,98.34502404,99.17011854,98.84702519,98.59702988
504,101.2518337,98.13541777,97.72477157,97.83496654,99.31397713
505,100.0616894,100.3326099,100.6236814,99.73936734,102.0495765
506,97.69406721,100.1800915,101.0125106,101.2635744,101.3973121
507,99.60043198,100.2329669,99.29678601,99.81186663,97.55529277
508,98.93888082,100.1966189,100.6644487,99.64852473,98.5528571
509,100.5575204,98.97202449,98.73461166,98.86076467,97.49907911
510,100.5118889,99.93723392,101.322024,100.0913383,100.2788463
511,100.5020382,99.20925527,99.22108138,100.2607929,100.9656037
512,99.29270079,100.0240243,100.4705237,99.77530262,99.03183611
513,99.27495122,101.2190605,102.4065291,101.4666363,100.7612692
514,100.2347101,100.4737956,100.5460256,100.0407558,99.49034746
515,99.85106216,101.3132177,101.4105967,99.97752719,98.58314197
516,100.4385734,100.5281773,99.50763768,102.2251413,99.32178483
517,99.056194,98.9819188,99.60307474,99.74629507,100.5007595
518,99.9514176,99.4988886,100.2727919,99.57304803,99.4374006
519,99.91480789,101.0106195,100.0576812,99.56134958,98.72652268
520,100.7192121,99.72618126,98.9758948,98.39725014,98.74302162
521,99.52793846,99.90841505,99.43149031,98.3560745,101.5635346
522,97.11439812,98.4011677,98.74250269,97.61587854,102.237473
523,100.9780899,101.4239135,101.6703825,101.92748,99.04699874
524,99.69372645,100.4243901,100.6180397,100.2424679,100.2611395
525,101.5766518,98.97620994,97.95214689,98.67576169,99.6356175
526,98.89752661,98.83964191,99.69960307,98.20496363,99.69404139
527,101.3137211,101.7032705,102.6991919,102.4948539,101.0738843
528,100.180656,99.41608643,99.71854734,100.0844111,99.95332506
529,98.48970091,100.8543533,100.502495,100.9605165,101.3555336
530,99.67245249,100.996273,102.5163703,101.9173177,100.167603
531,101.1152239,100.592963,101.2452532,100.4790069,102.6874507
532,100.4582648,99.34237707,99.09738999,100.119251,98.07824482
533,101.4737358,99.973939,102.3216092,101.4283375,101.1944098
534,97.80889504,99.0004358,101.8337448,99.24473272,100.6395448
535,99.26989353,99.98167611,98.71274845,99.83714083,99.8915017
536,98.69829506,100.3245992,100.3798873,100.178061,101.3492252
537,102.2818613,100.0574439,99.19025875,100.8951466,99.06455873
538,99.5042312,100.3207565,100.6111838,100.6826974,100.531215
539,99.54424852,98.82157987,100.4796925,98.79848401,99.5792692
540,98.84162978,98.97140894,100.775993,98.23658234,101.8792627
541,99.66033497,99.26126307,98.89071267,98.63334974,99.58708267
542,99.81798653,100.5529745,100.2281001,99.71905268,100.1731363
543,100.4751488,100.0003827,99.06758863,100.4260212,99.56048082
544,101.3054546,100.7501423,100.764437,99.04002592,99.71468657
545,99.35753698,100.8541688,100.1807915,100.4529301,100.2482427
546,99.47443978,98.7918072,98.21287102,98.33011078,99.67203992
547,100.9083889,99.88792883,99.52881836,101.4112496,99.47102746
548,97.37771707,100.6799086,101.655876,100.8761495,100.4676265
549,100.5026216,100.5834278,99.39457717,99.85817352,99.36185861
550,100.1324329,101.1516051,99.08930988,99.75299832,99.83940832
551,98.95669732,97.30612933,96.36877156,98.57918597,97.39611669
552,99.36683166,101.2454089,100.533208,101.4342408,100.3058541
553,100.8321863,99.87429423,100.5337736,100.4560476,100.2370188
554,99.44064402,99.08031441,99.68397646,101.2373198,97.81912977
555,99.21144746,99.40613775,97.81312597,99.25946473,97.67093452
556,100.0389534,99.62339578,99.14176014,99.66041954,98.8548552
557,100.5348961,99.46729429,100.1042351,99.8516678,99.47143806
558,99.07590933,100.4854035,101.0113526,100.6896659,102.3133243
559,100.2671925,99.92860184,99.55191917,100.2780991,98.33522549
560,99.22472153,99.14395719,99.10247124,98.72306036,99.35136443
561,103.1268802,100.4650669,101.1424137,99.82112501,98.89551627
562,100.8340536,98.9793253,100.4391762,100.5957574,97.71684904
563,101.3862469,98.64537796,98.35689639,100.0456403,97.48220171
564,101.0410959,100.4319366,100.9810483,102.0201475,101.3413479
565,100.1643712,99.67856273,99.45412375,100.8396102,98.20319506
566,101.8096535,99.73735948,97.4089868,98.72981826,99.05434374
567,99.88138013,98.50533605,100.5126556,100.3081467,100.0618795
568,99.02521734,100.7870013,99.81653914,99.96248704,98.82142675
569,100.686513,101.3020625,100.6977594,100.9752044,102.2333339
570,101.8032641,99.52093969,101.166293,101.4846559,99.65394953
571,100.9295365,100.6288925,100.4759902,99.60767943,100.2649474
572,103.3758191,99.25600818,100.4064547,101.0178507,98.10958374
573,99.999995,98.66523235,100.334343,98.66726417,97.83790164
574,99.15468292,100.8439607,99.56622632,101.1581813,100.8887901
575,98.89974148,100.2178896,99.23964845,100.0464041,99.39907901
576,98.83021821,99.56322565,98.53310443,100.2509537,100.4194149
577,101.5647222,98.30872078,102.0507365,100.1871444,98.94380512
578,101.955671,101.1961923,100.7438912,101.7985927,99.10334453
579,102.4007768,100.9852955,102.3171113,101.1655446,100.2521622
580,102.8620985,99.83348602,97.50480377,97.67201154,99.2479671
581,101.2013072,101.7147106,100.3160358,99.28832991,102.1948421
582,99.78556802,100.9908415,101.8821363,100.342514,99.60046746
583,101.0150506,100.4883145,103.1701228,102.8724034,98.05378629
584,102.0143313,100.6142071,98.95122246,99.39160374,98.27182029
585,100.4788555,98.94648682,100.5538831,100.3416442,100.2443744
586,101.1554134,100.4528814,99.74658435,99.8362882,101.0947464
587,101.5031134,100.3086955,101.1831071,101.3056189,100.6230069
588,98.76530063,100.6341159,98.89607594,97.9397516,99.16892798
589,99.2277642,98.97268096,99.71263312,100.8299868,101.670458
590,101.0130737,101.0962033,99.87078946,101.8143579,99.46946287
591,102.099429,101.7714714,100.4091029,100.0881912,99.08329808
592,100.2354398,100.4937702,98.76866136,100.1442285,97.83387454
593,99.51429114,100.5612248,98.66768156,98.37866148,100.1432268
594,98.20334581,100.0455286,100.7402192,100.0290586,101.0139877
595,100.8631172,100.1784614,100.6367814,100.8179883,99.4451039
596,99.17020974,98.69587362,97.65072823,98.51577163,99.73655912
597,100.5967892,101.6782956,99.89574105,100.1891381,100.2230281
598,101.6751078,99.91977226,100.2967047,100.3794358,100.1900446
599,98.69660089,99.47942402,99.66714537,99.89314056,98.34110458
600,99.3602988,99.56908451,99.72805294,99.85382791,99.81924822
601,102.2238049,99.43544055,102.7006866,101.3598338,99.84415579
602,99.50700552,100.2473258,100.019193,99.18347684,101.1519447
603,97.85172358,97.54225234,99.36388453,98.21460062,100.0108729
604,99.14092405,101.1253121,100.0927199,101.0882108,102.1304485
605,98.61755587,101.3573408,101.5371933,99.91938446,100.3932303
606,100.5439414,100.6277925,99.75169043,100.2805395,99.23077824
607,100.6706802,99.73965751,98.8942001,99.00852592,100.5048075
608,101.1999688,98.69772261,98.23183025,98.72846425,99.14174905
609,99.9173715,100.3364797,99.02889868,98.73785184,101.2325509
610,100.0158786,100.4404171,99.92179942,100.1254056,100.3822716
611,100.6323124,100.8114769,98.67722503,99.79743759,102.6507023
612,99.6080771,98.92709467,99.7694992,99.72120992,98.89522487
613,99.98846398,99.81256659,100.3645965,100.6582499,102.393969
614,101.3927739,99.10288196,99.67040675,99.60447278,99.82831146
615,98.89337954,99.5855729,98.38480014,99.6432159,99.11789427
616,101.0556075,102.6187541,101.4024702,101.3591255,98.89662308
617,98.68257932,98.33445721,97.72063177,98.56573685,99.04997011
618,100.4326663,100.2747163,100.4328104,99.41148434,101.2864051
619,100.435251,100.2167243,101.5012504,100.8612039,100.3249381
620,100.5839749,99.46693421,97.99500326,99.28935621,98.72927231
621,96.89918973,99.05216345,100.6272365,98.4772008,100.6498293
622,99.65919867,100.1049939,103.3594044,102.0803392,100.3652429
623,100.6471105,100.3406526,100.9842048,101.2382489,98.84745374
624,99.97692669,99.67077074,99.14050092,99.6511021,100.7406506
625,99.53099841,99.52239465,99.9249451,98.40413483,100.1740528
626,101.8990548,100.2486957,100.6668732,101.0141871,97.98664927
627,97.77099984,99.38715449,100.0677581,99.34480448,99.17519166
628,99.47608551,100.0483862,98.87006998,98.84994719,98.53410396
629,99.77071804,99.68309904,100.8729019,100.4537603,100.2231931
630,100.8681921,100.6042586,101.9993997,100.2796311,99.91305957
631,101.2697106,101.9714121,101.3840566,100.1390036,100.6062354
632,99.73872473,99.73480985,97.66262979,98.67565862,99.88346063
633,101.8525751,100.6745069,100.4595179,100.7775954,99.89709813
634,99.56863149,98.91538264,99.4882036,99.01875221,98.71163011
635,100.0816598,99.76075547,97.35093989,99.38504919,99.363641
636,98.65081331,99.1222759,99.67615921,100.5519945,99.87350281
637,101.8604792,101.2683002,100.4749461,100.7846388,99.65048492
638,101.0049084,101.0284521,102.4107865,101.827175,100.5937378
639,99.50234035,101.7384538,101.3563254,101.8571113,100.0469036
640,98.27443461,100.7977108,100.2232621,100.3888742,100.4973873
641,97.70232718,97.81171018,99.07929493,98.63352404,98.71422982
642,99.73194426,98.46869526,97.62458054,98.92902813,99.95769918
643,101.3174785,100.1608142,98.33438039,98.83039668,100.1029702
644,99.15085911,99.88688427,100.21326,99.48840576,100.5852381
645,100.9354103,100.99797,100.8520141,100.3941635,100.1081065
646,101.1427693,101.3087556,101.8143976,102.7329243,102.2212625
647,98.91054162,99.4070203,97.57230179,99.90343956,100.1414838
648,100.0876971,98.910092,98.05683406,97.87814332,99.67649386
649,98.53485632,98.97388828,98.53860105,99.58742665,100.6926375
650,99.16877619,98.97772277,100.4550386,100.3359899,100.3053676
651,99.86875823,102.7232867,101.565035,101.5989388,101.6609431
652,99.75770684,99.56814928,99.73574948,99.36091258,100.2310224
653,99.79371095,99.58329867,98.23721389,98.57083139,100.2687862
654,101.2857069,99.50013689,101.3139378,102.2443033,100.1173906
655,99.93771138,100.707582,100.3255227,100.0134581,100.3646983
656,98.50648865,99.29743872,99.74015727,100.3604906,100.8996742
657,99.50775017,99.37917248,99.62879275,99.20487644,99.74227161
658,100.6618185,101.1038572,100.4450245,100.3537779,100.4206772
659,100.4609281,100.8791154,100.723441,101.4045747,100.0543088
660,98.91519944,99.88625371,100.0062253,99.83213968,101.4494219
661,101.4432316,100.4236842,100.027624,99.35082405,100.2480861
662,101.4459375,99.48964325,99.31750448,99.5233969,99.04578478
663,101.1913174,99.97338239,101.6112968,99.04216124,98.50686602
664,99.74030708,100.4970053,100.6026916,100.0041672,99.57303196
665,99.05067664,98.87334488,98.07922195,98.34118316,98.51408265
666,101.726428,100.5485485,101.3188999,101.1950536,100.1464839
667,100.0344564,101.1375532,101.3034737,102.064549,102.4734179
668,99.62078482,100.619349,99.89237875,100.0926958,100.7500889
669,100.2803392,100.499996,100.2297519,100.8315207,99.51500773
670,99.70244514,100.9789638,100.8245561,100.112598,98.78509333
671,99.55140018,99.35142157,101.1081265,99.78064312,100.5503683
672,101.5749057,99.06964934,100.0394034,100.2415245,98.78327131
673,102.1076898,100.6552421,98.65428985,98.07688853,99.73703721
674,100.5697469,99.72173455,101.7832574,100.5066985,100.0261248
675,100.7670567,99.54887648,101.3673833,100.5688721,100.1509141
676,99.39692408,100.4658033,98.51241439,100.568871,100.8300814
677,100.5887693,100.9062284,99.36517167,102.380585,99.00622568
678,98.96310757,98.45569316,97.77360624,99.69661185,99.58572955
679,99.15698558,99.61989747,100.071777,100.3286924,100.7688583
680,100.4598842,100.7002475,99.52987523,100.1226561,101.036277
681,100.2776193,101.1249096,99.83763041,99.94514605,99.5517401
682,100.0612122,98.52926627,100.4661568,101.1599367,99.90094053
683,99.19368977,100.3922671,99.37888378,99.15186089,101.982234
684,99.81062843,103.3437208,100.3111522,101.9548792,102.1533689
685,99.35626113,99.08259159,98.28643493,98.65610494,98.2248958
686,100.4441827,99.8926543,100.2356536,101.0365683,99.76611426
687,100.614676,100.3568757,101.1116421,99.76412615,100.5429173
688,100.423118,97.97710864,97.39787639,97.30647325,99.60608786
689,100.8277299,100.0452839,99.25474161,101.0931758,100.6293635
690,100.2482258,100.7539279,100.5080585,100.2828107,99.75936189
691,101.616207,99.08326236,100.2463923,99.77657238,99.0618678
692,98.80226277,98.08474223,98.33019067,98.72724723,100.7720683
693,99.72549711,100.0196906,100.9819062,101.0737093,99.99962433
694,99.31059897,99.73414902,99.47152791,100.0970142,99.69073777
695,100.5567659,100.432315,100.9730208,101.1034981,101.444888
696,101.3325695,98.77842588,98.89101667,98.12864156,98.42881075
697,100.3530879,101.1085379,101.7849716,100.0549337,102.320477
698,99.68422937,100.5195289,99.48389574,100.5952454,99.50488367
699,102.3480175,102.6960392,101.4509842,101.6431908,99.44168593
700,97.04722894,99.65524907,98.53159613,97.55854123,100.0683801
701,99.61035411,100.5982549,100.5041623,100.2469296,98.7592682
702,98.76751559,98.85559651,99.60465975,99.13601306,100.5193251
703,102.4841613,99.38318613,100.7459766,100.3467557,99.54059979
704,100.928633,102.582812,103.2145208,102.1841163,100.6464003
705,99.78699636,99.13488099,101.2822684,100.8844603,99.65746492
706,100.5416073,99.75838433,100.5583743,100.0809963,99.5512114
707,99.27334619,99.67551468,101.6052429,101.0835303,102.0838433
708,100.1828491,99.6717587,100.5396315,100.8110376,99.97403627
709,100.3614064,100.6093983,99.6690059,99.64929336,100.4235081
710,98.17352246,98.47583576,100.0248346,99.09112085,99.3923821
711,99.5446028,100.1517694,98.11435187,99.84506241,99.68105817
712,99.764025,100.9663932,100.1230933,100.6602217,100.8552657
713,98.84075212,100.0125673,100.0830802,99.00353299,99.30555416
714,100.0558212,98.40001384,99.44506511,98.97492415,99.42550308
715,101.4937533,99.6428759,98.5489325,98.3974191,97.77134417
716,100.5833189,99.19819297,100.724779,100.1574313,99.13286503
717,99.88670985,100.5499941,99.8922817,100.7078036,99.54683302
718,98.37413337,99.01384615,98.43835004,98.09044906,99.70028792
719,101.2849854,100.0648362,100.6347395,100.3844011,98.79555688
720,98.60431882,97.30981984,100.0862451,98.2558615,97.84896428
721,99.02088979,99.70273548,98.59977734,98.40424254,98.78200103
722,100.6891355,98.44067128,101.5089105,99.41779274,99.13092819
723,99.37884459,100.2001594,101.2654235,99.99915596,100.452793
724,100.3076116,99.75363284,101.6395199,99.56008185,99.17211176
725,100.6949762,101.6860902,99.81404534,99.69387775,100.7835006
726,98.29882492,99.10130501,100.1343983,99.56126729,101.3447798
727,100.9636284,99.38554035,100.2701009,99.65313732,99.82912654
728,99.92520283,101.5002726,103.1735711,101.1457417,100.6455488
729,98.72243478,99.82889528,99.83557354,99.04896883,100.5270413
730,99.9436411,101.22925,100.4179289,99.41970834,99.80789173
731,100.9707469,98.70257476,100.0507074,100.4057711,99.45860394
732,100.2308912,99.2918183,100.3673484,99.69703444,99.85581822
733,100.4121587,99.83766258,101.2011891,100.2941401,101.1061239
734,102.3299727,101.1390327,99.51926368,100.9259012,98.31497325
735,99.33808881,99.95999829,100.2131461,99.49394446,100.4012554
736,99.65675787,99.02175226,99.28158372,98.06901856,99.62661052
737,100.8139283,99.1061969,99.53294773,101.4297286,100.323865
738,100.6324676,100.3206518,100.8950526,100.2289801,102.967022
739,98.21346038,98.96357473,97.90019352,98.43509262,98.16833537
740,101.4855994,98.03452973,98.28705371,98.93563714,97.56599576
741,101.7586346,98.53030691,99.3390521,99.44136884,99.48670964
742,100.6881787,99.1941656,99.46904904,98.49727825,97.28311501
743,99.39125587,100.1261234,100.5059667,98.97532317,100.4686319
744,98.87659582,100.0147938,99.87697079,99.47519201,100.5156937
745,101.1461061,100.3842599,101.4252563,101.6851135,101.3283583
746,99.22899389,99.96861053,99.3048476,99.92798821,98.73633268
747,102.5459518,101.0439289,102.808023,100.6910389,100.0796777
748,100.4730071,100.6297893,100.9672784,102.176329,97.72925631
749,99.24093528,99.78277487,98.41563121,100.0021888,97.65868679
750,101.1537116,99.30456354,99.80218882,101.478662,100.8542058
751,99.87581392,98.32135478,97.98400675,98.96847879,97.53689354
752,99.89706587,99.13172606,100.194666,100.541817,99.32497347
753,101.8452728,100.5421803,99.91423392,99.88476073,99.34656792
754,97.58364906,99.24686637,98.71585158,98.93228951,99.71025653
755,99.23627213,100.0636494,100.2143703,99.12227295,100.2501749
756,101.1449451,99.94072138,100.6725755,99.877318,98.51526852
757,99.52337542,100.3437664,101.1572233,99.31775714,101.2702723
758,99.09654648,99.98980404,101.5085751,101.3421017,102.494512
759,100.0344116,100.4133371,103.6455412,99.94147052,100.8122624
760,100.7984247,100.6972181,101.2236739,101.5691229,102.2921064
761,97.95271651,99.54854657,98.24765894,97.74874881,97.99253284
762,98.42666968,101.3427786,99.94919997,98.82314909,100.6153204
763,99.88641717,98.93724553,99.3936548,99.4072931,100.1741109
764,99.44227997,100.6756966,100.8147267,100.5653285,101.5072041
765,101.759482,101.0648202,100.5401811,100.4081052,100.5277772
766,100.6868814,100.2468422,99.39533674,97.39169547,100.4539521
767,100.8143064,101.0532724,99.60415119,99.29286948,101.0853745
768,97.23996497,99.46744961,98.77225481,99.48714562,99.79980132
769,99.37376106,99.5369279,98.83747564,99.95580789,98.66564539
770,99.56133725,99.90717394,98.38344289,98.67031707,99.02452858
771,100.6017775,99.08054873,100.8001275,98.98112397,99.10976895
772,101.3720542,100.695627,101.3337849,100.9782549,101.1140462
773,99.44724948,99.5910424,98.71063504,101.0420996,99.43955649
774,101.1449008,99.80642601,98.99605438,99.78432926,99.38785691
775,101.1398971,99.62189207,101.3878489,100.7528348,99.65242469
776,99.1318455,99.85559293,100.2979577,100.0476587,101.5544642
777,96.80712051,99.88058747,99.81881854,98.58902081,100.6831802
778,99.1457922,99.96667867,99.84358948,98.94776428,99.03183799
779,99.38996749,101.1296604,99.80250741,100.1958728,99.79402361
780,101.4368446,100.4277284,100.2946884,100.9638876,100.0175402
781,100.8896774,99.88119974,99.57242087,100.1777629,100.9583561
782,98.94989994,101.4013166,100.0298069,99.61281346,100.720075
783,102.7217126,99.12555815,101.9199477,99.63700669,98.05047404
784,98.5477902,100.1870747,96.60356882,97.87898696,99.48676781
785,99.85450061,100.4137413,101.3353812,102.2220476,98.85239587
786,99.71786046,99.87975275,100.0880961,100.2967112,99.94064413
787,102.9538515,99.44261096,100.1874813,101.6365363,98.33644355
788,101.3827079,99.5143415,98.59895647,99.52202044,98.06155722
789,101.1430121,100.3030515,99.5010756,99.53467824,98.58182149
790,98.81206474,97.81433915,99.09134303,98.71169317,97.74486512
791,100.320747,100.4251239,100.0322631,100.0738143,101.0829083
792,98.5542903,101.2292389,101.6799673,102.4816531,101.5065376
793,102.0936755,101.0584657,100.0065526,101.1347118,100.7421521
794,101.0393218,100.5335937,100.7864927,101.6325536,102.1466803
795,99.91131763,98.79584829,100.1697662,100.5424429,100.643075
796,102.6105541,99.79353642,98.71703849,98.87998693,98.33445066
797,100.0294886,100.281303,100.5217948,100.1638948,101.281019
798,99.39591131,100.1498512,99.16807201,99.97435569,101.2718862
799,100.6361955,100.490167,96.56790677,100.7911102,97.55229156
800,99.71597622,99.88993813,98.63891677,100.2200519,99.31867206
801,100.9743754,100.752545,101.6331802,101.9210364,101.1930096
802,99.30029692,99.46603744,99.83720054,99.91207798,99.40607939
803,98.25680528,100.8435746,99.41845482,100.326327,103.0933093
804,100.9452684,100.5502019,99.89079981,99.8247763,99.1263348
805,97.72945563,99.23791907,101.8026554,100.4527782,101.9423304
806,98.27860397,101.655086,98.8084464,100.6176236,99.51661198
807,100.453851,100.6998753,100.4888478,101.4133422,102.8492936
808,99.65639297,102.6441208,101.1867203,99.0385344,101.766671
809,101.18432,99.31065459,100.0404974,100.2693223,98.79019981
810,101.3995616,99.65884119,99.36074396,98.86420016,99.86484071
811,101.1508789,100.9886553,99.75337242,101.1623829,101.5496377
812,99.49117501,98.78048615,99.20194145,100.6970827,98.57266268
813,102.2066186,100.1825833,101.4489078,101.8742536,100.5210194
814,99.13051655,100.9287724,99.70628764,99.64861642,100.339143
815,99.09697561,100.7309042,100.0772841,99.63491405,98.73095279
816,101.296035,100.0581027,100.2125409,99.81928479,100.0128825
817,100.2683769,98.97346828,99.50799617,99.21817844,101.6655378
818,100.4083351,99.1168334,100.6570956,99.13829829,100.0597763
819,97.79288627,100.0288852,97.96868422,98.97981733,102.3037311
820,101.9549719,99.46553338,100.3779409,100.6841856,100.1767426
821,99.42502138,100.2977788,98.80435144,98.92776172,99.74251662
822,98.91524972,101.1281537,101.768222,100.7874867,100.0715514
823,101.6432104,99.86547258,98.21911366,99.35855918,99.42722215
824,102.497847,100.2334889,101.8567775,102.0736541,99.43378077
825,101.7382216,101.0819251,101.3416886,100.4936966,100.6107486
826,97.2416672,99.74421951,99.64572104,99.00786035,100.1714705
827,101.3915257,101.1919464,101.5387917,101.5246036,99.92116196
828,101.020714,100.6663491,101.4131699,100.7676286,99.83921054
829,98.76189364,99.9798161,100.8281864,100.1012448,98.84726701
830,101.1971711,97.82090063,98.68549021,97.52922949,98.35497973
831,102.0583938,99.82505744,98.86796185,100.1796013,98.45746843
832,100.167623,98.69321265,99.41159682,98.56624699,98.58271382
833,100.2031493,99.10945872,99.31564906,98.6898357,99.76045034
834,99.27259238,101.536336,99.04581088,101.040371,99.95257251
835,99.57437797,99.40628173,97.79022393,100.3548685,98.55651703
836,99.58884837,100.0247727,99.43107806,100.0229614,100.5449433
837,100.4994444,100.8332718,100.9493399,100.4344105,100.0955292
838,100.498769,99.86630476,99.60704264,99.4566877,101.1465428
839,101.3077016,99.64349546,100.2994909,99.20075636,98.8737394
840,100.6258699,101.4127111,101.0674456,101.1326653,100.2294038
841,99.90068269,100.5454183,100.527031,101.7223794,99.68131069
842,99.15339836,100.3410769,101.7720615,100.138418,101.1768078
843,100.1244411,99.0162025,98.10866119,99.03870679,99.85593478
844,101.0332923,98.46495235,100.0200939,98.84514864,97.65394146
845,99.43107972,100.1882284,100.6466574,98.56587822,101.8165328
846,101.5450895,98.896025,100.8171888,100.8755859,100.2989952
847,100.2180648,99.38795302,100.8501597,100.8126625,99.43953286
848,98.76979663,97.88956977,97.85078785,97.82702577,98.00231623
849,99.48616234,101.4463119,102.2656073,102.2261782,100.476695
850,100.5479347,99.44122748,99.67107127,98.89775139,100.7389556
851,98.25741854,100.9881256,99.54367538,100.8050143,101.0179439
852,99.53705311,98.80559425,97.43686026,98.2062173,99.72295015
853,98.96388284,98.92688848,98.09504679,98.20533735,99.60194533
854,98.61964673,98.99659064,99.77424765,99.34436381,99.35846478
855,97.74478684,99.35880716,98.44737366,99.09868514,99.73300345
856,100.5394476,99.86075251,99.86883433,100.8944221,97.94094998
857,101.0538977,99.52183613,100.9941591,101.9567912,100.0236515
858,99.26126259,100.3305783,99.58113625,100.788309,99.6551604
859,100.6721242,98.79582186,100.0814791,99.89921901,100.1929918
860,100.3743852,99.73916121,98.37195801,99.56154613,99.66757615
861,99.56492763,100.2957728,100.3148546,101.0100495,100.1043365
862,99.20904191,100.3793617,99.91111449,99.99074831,100.2203567
863,99.29669011,100.4912257,99.98782195,100.5993017,100.3097431
864,101.5385265,99.68447482,99.32433449,99.58788024,98.95681146
865,101.0426254,100.1266258,100.4521728,99.29387187,99.56744198
866,101.9485626,100.4521656,99.91326912,99.85000581,99.56720588
867,98.5850564,100.3193478,100.03018,101.1219373,100.8295577
868,99.94407149,99.48005117,101.5940287,101.661104,101.5513093
869,99.26544725,98.69436458,99.09501795,99.30704131,99.42792256
870,99.75114587,101.4533262,102.4223233,102.3861769,101.8184889
871,99.27797294,98.84655447,100.0003252,100.1961035,100.8502977
872,100.6787521,101.0245409,99.84280405,99.48940484,99.95636793
873,101.1341788,99.33726624,100.5441592,99.03980497,99.05130079
874,100.2867245,99.67417182,99.65926581,99.80587499,101.478394
875,99.68942864,98.98974888,99.16902072,98.2182897,98.40383968
876,99.05094732,100.5911288,99.41738307,99.5926618,99.34019995
877,100.0924743,99.78697675,99.80790449,99.13252177,99.76901103
878,102.0677042,99.7500328,99.65603639,100.2724857,99.79533979
879,100.562646,101.6024693,101.1912735,102.3901591,101.3522299
880,99.6613738,99.5864077,100.5244966,98.71536021,100.3023743
881,99.48565598,99.45717065,99.85338222,99.38843663,100.1390452
882,100.4308015,100.6957374,101.4860783,100.2188015,101.6234213
883,100.7892593,100.0333198,98.86238572,99.48864309,99.16545713
884,100.5774176,98.86153756,99.62739741,100.6928209,102.0209031
885,98.97962165,100.3664151,99.68912854,99.23631461,99.44109789
886,99.43918429,100.4049177,99.72641294,99.16851822,99.83315702
887,101.7526258,100.246409,99.51193388,99.92697548,99.46549883
888,99.46412066,99.72004814,101.3315661,100.0041878,98.42314522
889,98.00664172,97.87313627,98.12820205,99.21525034,99.64628532
890,99.57344488,98.8912961,99.23629291,99.25668801,100.5816007
891,99.64723883,99.93661219,100.3056589,98.54755474,99.95922544
892,98.86797017,99.16057261,97.66254496,99.70811043,98.97059522
893,100.5636046,102.4888919,101.1104418,101.9259909,99.84568103
894,99.86338447,102.2032678,100.7552401,99.30887058,99.47308598
895,101.4288249,101.0906222,98.81892753,98.78741278,101.9733223
896,99.40198755,99.77051535,97.74597029,100.2781253,98.08777472
897,100.3925882,100.1070544,100.9858807,101.7902416,102.0433099
898,100.4266777,99.70321842,100.387381,99.27549072,100.0236495
899,99.92710352,100.2273984,99.92204034,100.3610617,101.6196412
900,100.2909568,101.1578596,99.20923619,100.7339648,99.39467458
901,97.8076948,99.2345258,98.14295662,96.77173618,97.90365698
902,99.55004338,99.62684762,99.40125255,98.53512152,99.55574766
903,100.0784203,99.52084159,100.6321928,100.3821174,99.85885371
904,103.0337542,100.1371284,100.5103139,101.0358837,101.7764808
905,99.89468435,99.2464427,99.40949906,99.17254179,98.68444102
906,99.93377019,99.20566832,98.74455727,100.8713245,99.1447548
907,100.5141806,98.53019951,99.72869059,98.49798418,98.97503452
908,97.60437791,100.2411198,98.26540395,98.35599713,98.59918257
909,99.06916547,98.73112565,101.624635,101.167126,99.32057882
910,102.1936334,99.06566603,98.91352242,99.40539781,99.69594024
911,98.94120922,99.62055951,98.46747102,98.79174287,100.6906189
912,98.13520415,99.07675798,98.82822086,98.71837101,100.7541253
913,98.28829564,100.7460633,100.2377592,99.5129812,98.71670392
914,99.14152694,99.98991016,99.08462477,98.17476648,98.45330827
915,101.6641869,101.1116489,100.8708225,101.6737891,100.3538512
916,100.8205128,98.82812178,99.84815387,99.88379128,97.97842763
917,99.22601475,99.00766916,98.45188418,98.79211142,97.9236081
918,97.77597909,100.8604458,100.5106262,99.9785279,102.0849779
919,99.44094386,99.96010502,98.48138262,99.44584225,99.57178985
920,99.79290206,100.4307057,101.455033,102.4455707,100.2428679
921,100.4932215,100.6974316,98.91482044,100.2259374,97.60274212
922,102.1869264,101.0192069,99.69052412,100.6425057,100.0512052
923,100.973746,103.0084005,101.0034289,102.8116061,99.93965563
924,100.7208469,100.7722253,99.74955681,100.5884363,102.449839
925,99.29574103,99.04768388,100.4929309,100.436179,100.8136932
926,100.8069113,101.0162891,101.6043505,102.228373,102.1727988
927,99.74831564,100.2031594,98.33000275,99.61104102,99.86010671
928,98.30573562,100.3889936,100.3900126,100.5086698,100.0845783
929,98.5212827,99.13272173,100.8857569,98.9222701,99.06117211
930,99.61286865,100.7830929,99.19275398,99.71764385,99.51676402
931,99.98330857,100.2861598,100.1520175,101.3841243,100.0991644
932,100.1633282,99.07867548,99.03943837,100.0009817,98.39447889
933,97.16107616,100.1085403,101.0083965,100.6839396,102.8070737
934,100.696069,99.21156192,99.3905111,99.56825952,100.5331796
935,100.0744764,100.9192783,98.5241863,99.1013468,98.40364296
936,100.8227503,101.4218983,101.4040144,102.3334578,100.6828733
937,98.66886315,99.00848989,100.4273934,100.3900038,99.97647982
938,99.52565451,100.3915357,100.4712252,99.60836194,101.6225514
939,98.52554357,100.1864592,99.74453285,99.2062064,99.2004509
940,99.25584429,100.3950399,97.84165633,99.37901489,98.88496511
941,100.200618,99.36058206,100.4630616,99.84299387,100.0164311
942,99.31143918,99.73263146,98.75705598,98.53190739,99.28894124
943,98.97712781,99.88157216,99.49309004,98.74487196,100.73837
944,99.59835115,99.90611114,100.2250578,99.41341653,100.8189072
945,100.2301374,100.5782312,100.542866,101.0212095,98.60660449
946,101.2805452,100.5932908,100.3714506,100.9597056,99.77421158
947,101.1740722,100.4577369,98.91904697,99.08103041,101.0842808
948,100.7402167,99.85367771,100.6518079,99.92596904,99.36077493
949,98.80009909,100.5828073,100.0891479,99.55472475,101.48041
950,99.90345759,100.7605084,99.8715796,100.5846672,100.5643119
951,101.8039738,100.1247242,100.4260745,99.78823407,98.83512886
952,101.9330613,99.53289637,99.71006539,101.0530807,98.39862755
953,100.1094699,100.3900653,100.845192,100.4514414,100.4669443
954,99.71442557,99.89475625,100.6456537,99.4906022,100.4184973
955,101.7128285,99.24096189,98.34482295,98.42518944,100.3483981
956,100.6534581,99.05490266,97.73422247,100.9484639,96.29240659
957,100.4475933,100.0162019,99.92664289,99.08316381,100.1578856
958,99.61804861,99.49165555,100.862051,101.3771563,99.48110604
959,99.11468202,99.64553045,100.382779,100.615908,100.4661933
960,100.9536891,100.0401364,100.544822,100.1765353,99.92439463
961,100.898041,99.18508317,99.23206196,98.0223842,97.54114306
962,99.20800442,99.785671,98.07488505,99.03417411,97.84296676
963,99.89038763,99.48051603,98.76697423,98.60273768,100.2969898
964,98.70115053,100.2651124,98.67721925,101.084909,99.84479244
965,102.5096857,98.32581404,101.8648497,100.7216263,98.0859722
966,101.9545035,98.66076265,99.56093223,97.99395206,98.75507051
967,100.4445561,99.05807395,99.14491141,99.52603941,99.50796828
968,98.89421483,99.24061529,97.01851305,99.8307921,99.5495818
969,100.2303053,98.60762162,98.03363612,97.1808645,97.60643593
970,99.63301521,98.65561475,99.5940974,98.82276218,102.2100827
971,98.80435904,100.2869863,100.8388085,99.79993835,100.1874267
972,99.61296692,101.2504944,99.97998718,99.91997291,100.750882
973,98.90502445,101.1307646,100.0402523,100.4054151,102.4221139
974,97.57823599,100.6157144,100.1181289,99.62957525,100.7743662
975,98.65316159,97.96379135,100.3859767,99.86897226,100.7743433
976,99.44222409,98.44237527,98.42143423,98.91987331,99.31722613
977,100.9131011,99.44267224,101.4696013,101.0024975,100.7316663
978,99.94440382,98.89996723,97.2187546,98.54540735,99.98612919
979,99.33524487,100.3926465,100.256732,101.7199037,101.6414938
980,98.86823756,99.85796225,99.92941887,100.8454168,100.0454298
981,99.02199031,99.74631858,99.51558468,100.0138024,99.51755765
982,100.3497224,100.4259055,99.49323213,100.6248526,100.7872875
983,99.80780233,99.48399885,99.30812689,98.30223585,100.4333705
984,100.8757347,99.6230455,98.57623372,100.1212014,98.44957682
985,100.6438052,98.13338578,99.34345021,99.05629202,99.44336095
986,101.544947,101.1382411,99.95803087,101.4814243,100.071776
987,99.43385064,99.38126991,98.14523621,98.93001304,99.91267619
988,102.9529942,99.36355523,98.92962119,99.26068941,95.85509826
989,101.0359731,100.5567193,99.86873803,100.3854626,99.81904765
990,100.3522105,100.0488097,98.54646841,99.16779102,99.34132775
991,99.19581745,99.71867153,100.3704437,99.90007339,101.9163608
992,100.3213781,98.69715968,98.86781912,99.30153807,98.88571061
993,99.95690307,100.963538,100.6744044,102.1579931,99.47388384
994,99.89099839,99.83076256,100.7611361,99.43158717,99.75051761
995,97.95397821,99.90417378,100.0841515,101.1825707,101.6659462
996,101.7798963,99.57526571,99.90532191,100.5564661,97.4211178
997,100.5219271,98.66735048,99.7321982,98.51834435,100.5304416
998,98.43770152,98.9009477,97.15011183,98.58584573,99.07276756
999,100.8917791,98.92743388,101.3762617,102.4328792,100.881266
